{
  "High Risk": {
    "precision": 0.5471698113207547,
    "recall": 0.5506329113924051,
    "f1-score": 0.5488958990536278,
    "support": 158.0
  },
  "Medium Risk": {
    "precision": 0.5462962962962963,
    "recall": 0.34104046242774566,
    "f1-score": 0.4199288256227758,
    "support": 173.0
  },
  "No Risk": {
    "precision": 0.5021459227467812,
    "recall": 0.6923076923076923,
    "f1-score": 0.582089552238806,
    "support": 169.0
  },
  "accuracy": 0.526,
  "macro avg": {
    "precision": 0.5318706767879441,
    "recall": 0.527993688709281,
    "f1-score": 0.5169714256384031,
    "support": 500.0
  },
  "weighted avg": {
    "precision": 0.531649500784289,
    "recall": 0.526,
    "f1-score": 0.5154927464231432,
    "support": 500.0
  }
}