{
  "High Risk": {
    "precision": 1.0,
    "recall": 0.006329113924050633,
    "f1-score": 0.012578616352201259,
    "support": 158.0
  },
  "Medium Risk": {
    "precision": 1.0,
    "recall": 0.005780346820809248,
    "f1-score": 0.011494252873563218,
    "support": 173.0
  },
  "No Risk": {
    "precision": 0.3393574297188755,
    "recall": 1.0,
    "f1-score": 0.5067466266866567,
    "support": 169.0
  },
  "accuracy": 0.342,
  "macro avg": {
    "precision": 0.7797858099062918,
    "recall": 0.33736982024828666,
    "f1-score": 0.17693983197080707,
    "support": 500.0
  },
  "weighted avg": {
    "precision": 0.7767028112449799,
    "recall": 0.342,
    "f1-score": 0.17923221408163842,
    "support": 500.0
  }
}