{
  "High Risk": {
    "precision": 0.6540880503144654,
    "recall": 0.6582278481012658,
    "f1-score": 0.6561514195583596,
    "support": 158.0
  },
  "Medium Risk": {
    "precision": 0.5577889447236181,
    "recall": 0.6416184971098265,
    "f1-score": 0.5967741935483871,
    "support": 173.0
  },
  "No Risk": {
    "precision": 0.7253521126760564,
    "recall": 0.6094674556213018,
    "f1-score": 0.662379421221865,
    "support": 169.0
  },
  "accuracy": 0.636,
  "macro avg": {
    "precision": 0.6457430359047133,
    "recall": 0.636437933610798,
    "f1-score": 0.6384350114428706,
    "support": 500.0
  },
  "weighted avg": {
    "precision": 0.6448558128582499,
    "recall": 0.636,
    "f1-score": 0.6377119639211739,
    "support": 500.0
  }
}