{
  "High Risk": {
    "precision": 0.6625766871165644,
    "recall": 0.6835443037974683,
    "f1-score": 0.6728971962616822,
    "support": 158.0
  },
  "Medium Risk": {
    "precision": 0.49206349206349204,
    "recall": 0.7167630057803468,
    "f1-score": 0.5835294117647059,
    "support": 173.0
  },
  "No Risk": {
    "precision": 0.8352941176470589,
    "recall": 0.42011834319526625,
    "f1-score": 0.5590551181102362,
    "support": 169.0
  },
  "accuracy": 0.606,
  "macro avg": {
    "precision": 0.6633114322757051,
    "recall": 0.6068085509243605,
    "f1-score": 0.6051605753788748,
    "support": 500.0
  },
  "weighted avg": {
    "precision": 0.6619576131475085,
    "recall": 0.606,
    "f1-score": 0.6034973204105396,
    "support": 500.0
  }
}