{
  "High Risk": {
    "precision": 0.5846994535519126,
    "recall": 0.6772151898734177,
    "f1-score": 0.6275659824046921,
    "support": 158.0
  },
  "Medium Risk": {
    "precision": 0.624113475177305,
    "recall": 0.5086705202312138,
    "f1-score": 0.5605095541401274,
    "support": 173.0
  },
  "No Risk": {
    "precision": 0.6477272727272727,
    "recall": 0.6745562130177515,
    "f1-score": 0.6608695652173913,
    "support": 169.0
  },
  "accuracy": 0.618,
  "macro avg": {
    "precision": 0.61884673381883,
    "recall": 0.620147307707461,
    "f1-score": 0.6163150339207369,
    "support": 500.0
  },
  "weighted avg": {
    "precision": 0.6196401079155701,
    "recall": 0.618,
    "f1-score": 0.6156210692158449,
    "support": 500.0
  }
}