{
  "High Risk": {
    "precision": 0.6463414634146342,
    "recall": 0.6708860759493671,
    "f1-score": 0.6583850931677019,
    "support": 158.0
  },
  "Medium Risk": {
    "precision": 0.5396825396825397,
    "recall": 0.5895953757225434,
    "f1-score": 0.56353591160221,
    "support": 173.0
  },
  "No Risk": {
    "precision": 0.6938775510204082,
    "recall": 0.6035502958579881,
    "f1-score": 0.6455696202531646,
    "support": 169.0
  },
  "accuracy": 0.62,
  "macro avg": {
    "precision": 0.6266338513725273,
    "recall": 0.6213439158432995,
    "f1-score": 0.6224968750076921,
    "support": 500.0
  },
  "weighted avg": {
    "precision": 0.625504673414081,
    "recall": 0.62,
    "f1-score": 0.6212356465009281,
    "support": 500.0
  }
}